id,fractal_id,symbol,direction,entry_price,sl_initial,volume_total,volume_per,status,source_timeframe,created_at
634,204692,XAUEURm,BUY,3692.01744,3674.681,0.01,0.01,active,3min,2026-06-15T01:00:53.101837
633,204318,XAUEURm,BUY,3693.5683400000003,3681.315,0.01,0.01,active,1H,2026-06-15T01:00:49.234167
632,203336,XAUEURm,BUY,3701.49566,3682.443,0.01,0.01,cancelled_restart,30min,2026-06-15T00:54:55.274437
631,203040,XAUEURm,BUY,3693.5683400000003,3681.315,0.01,0.01,cancelled_restart,1H,2026-06-15T00:54:52.085519
630,201853,XAUEURm,BUY,3701.41998,3682.443,0.01,0.0,cancelled_restart,30min,2026-06-15T00:51:09.268788
629,201611,XAUEURm,BUY,3693.5683400000003,3681.315,0.01,0.0,cancelled_restart,1H,2026-06-15T00:51:07.985864
628,201450,XAUEURm,BUY,3666.4410000000003,3606.436,0.01,0.0,cancelled_restart,3H,2026-06-15T00:51:06.085686
627,202021,XAUEURm,BUY,3703.1376800000003,3701.126,0.01,0.0,cancelled_restart,3min,2026-06-15T00:45:37.714562
626,201987,XAUEURm,BUY,3692.01744,3674.681,0.01,0.0,cancelled_restart,3min,2026-06-15T00:45:36.015430
625,201129,XAUEURm,BUY,3644.50476,3632.115,0.03,0.01,cancelled_restart,5min,2026-06-12T22:57:48.044719
624,201126,XAUEURm,BUY,3639.99732,3616.845,0.03,0.01,cancelled_restart,5min,2026-06-12T22:57:47.028056
623,189984,XAUEURm,BUY,3640.34908,3631.141,0.03,0.01,cancelled_restart,15min,2026-06-12T20:50:54.126230
622,189969,XAUEURm,BUY,3631.8536799999997,3576.4,0.03,0.01,cancelled_restart,15min,2026-06-12T20:50:52.282214
621,170253,XAUEURm,BUY,3616.48612,3588.607,0.03,0.01,cancelled_restart,4H,2026-06-12T20:50:50.170578
620,164851,XAUEURm,BUY,3637.2592,3598.066,0.03,0.01,cancelled_restart,4H,2026-06-12T20:50:47.718543
619,171732,XAUEURm,BUY,3634.40188,3609.901,0.03,0.01,cancelled_restart,30min,2026-06-12T20:50:45.789007
618,169088,XAUEURm,BUY,3639.12364,3609.901,0.03,0.01,cancelled_restart,30min,2026-06-12T20:50:43.856852
617,171727,XAUEURm,BUY,3588.39868,3509.365,0.03,0.01,cancelled_restart,30min,2026-06-12T20:50:41.833331
616,169084,XAUEURm,BUY,3586.79956,3509.365,0.03,0.01,cancelled_restart,30min,2026-06-12T20:50:39.794891
615,166919,XAUEURm,BUY,3613.0838799999997,3509.365,0.03,0.01,cancelled_restart,30min,2026-06-12T20:50:37.910711
614,166372,XAUEURm,BUY,3642.29224,3628.078,0.03,0.01,cancelled_restart,2H,2026-06-12T20:50:35.852486
613,178584,XAUEURm,BUY,3616.48612,3588.607,0.03,0.01,cancelled_restart,2H,2026-06-12T20:50:33.519801
612,168408,XAUEURm,BUY,3634.6106800000002,3588.607,0.03,0.01,cancelled_restart,2H,2026-06-12T20:50:31.706127
611,166369,XAUEURm,BUY,3623.31228,3592.551,0.03,0.01,cancelled_restart,2H,2026-06-12T20:50:29.849944
610,165228,XAUEURm,BUY,3621.10548,3592.551,0.03,0.01,cancelled_restart,2H,2026-06-12T20:50:27.549404
609,165218,XAUEURm,BUY,3581.05672,3489.022,0.03,0.01,cancelled_restart,2H,2026-06-12T20:50:25.721454
608,165210,XAUEURm,BUY,3602.5246,3453.697,0.03,0.01,cancelled_restart,2H,2026-06-12T20:50:22.931726
607,172174,XAUEURm,BUY,3640.34908,3631.141,0.03,0.01,cancelled_restart,15min,2026-06-12T20:50:21.100111
606,172172,XAUEURm,BUY,3626.0494,3608.071,0.03,0.01,cancelled_restart,15min,2026-06-12T20:50:18.827947
605,186736,XAUEURm,BUY,3642.67636,3608.071,0.03,0.01,cancelled_restart,15min,2026-06-12T20:50:17.007047
604,167165,XAUEURm,BUY,3639.51988,3631.255,0.03,0.01,cancelled_restart,15min,2026-06-12T20:50:15.150357
603,183775,XAUEURm,BUY,3639.51988,3631.255,0.03,0.01,cancelled_restart,15min,2026-06-12T20:50:13.146521
602,164381,XAUEURm,BUY,3588.39868,3509.365,0.03,0.01,cancelled_restart,15min,2026-06-12T20:50:11.262360
601,183771,XAUEURm,BUY,3588.39868,3509.365,0.03,0.01,cancelled_restart,15min,2026-06-12T20:50:09.652446
600,172158,XAUEURm,BUY,3631.8536799999997,3576.4,0.03,0.01,cancelled_restart,15min,2026-06-12T20:50:08.193080
599,169420,XAUEURm,BUY,3611.44168,3576.4,0.03,0.01,cancelled_restart,15min,2026-06-12T20:50:06.745985
598,186726,XAUEURm,BUY,3611.44168,3576.4,0.03,0.01,cancelled_restart,15min,2026-06-12T20:50:05.264603
597,190166,XAUEURm,SELL,3649.16788,3656.134,0.03,0.01,cancelled_restart,15min,2026-06-12T20:49:01.983049
596,175238,XAUEURm,SELL,3644.58732,3660.402,0.03,0.01,cancelled_restart,2H,2026-06-12T20:43:00.790165
595,172407,XAUEURm,SELL,3643.44724,3656.493,0.03,0.01,cancelled_restart,15min,2026-06-12T20:39:04.369640
594,169616,XAUEURm,SELL,3649.16788,3656.134,0.03,0.01,cancelled_restart,15min,2026-06-12T20:38:42.147317
593,158279,XAUEURm,SELL,3644.58732,3660.402,0.03,0.01,cancelled_restart,2H,2026-06-12T20:36:51.438901
592,163721,XAUEURm,BUY,3639.51988,3631.255,0.03,0.01,cancelled_restart,15min,2026-06-12T20:25:21.229648
591,162665,XAUEURm,BUY,3626.4838799999998,3592.551,0.03,0.01,cancelled_restart,2H,2026-06-12T20:25:19.863909
590,162658,XAUEURm,BUY,3605.46184,3489.022,0.03,0.01,cancelled_restart,2H,2026-06-12T20:25:18.764467
589,162443,XAUEURm,BUY,3624.85648,3598.066,0.03,0.01,cancelled_restart,4H,2026-06-12T20:25:17.254265
588,162441,XAUEURm,BUY,3624.9159600000003,3558.501,0.03,0.01,cancelled_restart,4H,2026-06-12T20:25:15.970785
587,161818,XAUEURm,BUY,3631.8536799999997,3576.4,0.03,0.01,cancelled_restart,15min,2026-06-12T20:25:14.732554
586,161481,XAUEURm,BUY,3586.79956,3509.365,0.03,0.01,cancelled_restart,30min,2026-06-12T20:25:13.400295
585,158552,XAUEURm,BUY,3626.5618,3609.901,0.03,0.01,cancelled_restart,30min,2026-06-12T20:25:12.098507
584,158549,XAUEURm,BUY,3613.0838799999997,3509.365,0.03,0.01,cancelled_restart,30min,2026-06-12T20:25:10.884991
583,158789,XAUEURm,BUY,3588.39868,3509.365,0.03,0.01,cancelled_restart,15min,2026-06-12T20:25:08.589854
582,158788,XAUEURm,BUY,3611.44168,3576.4,0.03,0.01,cancelled_restart,15min,2026-06-12T20:25:07.332111
581,163018,XAUEURm,BUY,3588.39868,3509.365,0.03,0.01,cancelled_restart,15min,2026-06-12T20:20:13.215910
580,155207,XAUEURm,BUY,3588.39868,3509.365,0.03,0.01,cancelled_restart,15min,2026-06-12T19:25:10.914752
579,154923,XAUEURm,BUY,3626.5618,3609.901,0.03,0.01,cancelled_restart,30min,2026-06-12T19:25:09.864186
578,154920,XAUEURm,BUY,3586.79956,3509.365,0.03,0.01,cancelled_restart,30min,2026-06-12T19:25:08.789084
577,154296,XAUEURm,BUY,3634.6106800000002,3588.607,0.03,0.01,cancelled_restart,2H,2026-06-12T19:25:07.738771
576,151944,XAUEURm,BUY,3639.51988,3631.255,0.03,0.01,cancelled_restart,15min,2026-06-12T19:02:48.317427
575,151938,XAUEURm,BUY,3588.39868,3509.365,0.03,0.01,cancelled_restart,15min,2026-06-12T19:02:46.576862
574,151937,XAUEURm,BUY,3611.44168,3576.4,0.03,0.01,cancelled_restart,15min,2026-06-12T19:02:44.910211
573,151696,XAUEURm,BUY,3613.0838799999997,3509.365,0.03,0.01,cancelled_restart,30min,2026-06-12T19:02:42.855112
572,151210,XAUEURm,BUY,3642.29224,3628.078,0.03,0.01,cancelled_restart,2H,2026-06-12T19:02:40.481968
571,151207,XAUEURm,BUY,3623.31228,3592.551,0.03,0.01,cancelled_restart,2H,2026-06-12T19:02:38.826472
570,150578,XAUEURm,BUY,3616.48612,3588.607,0.03,0.01,cancelled_restart,4H,2026-06-12T19:02:36.668617
569,149309,XAUEURm,BUY,3651.4790399999997,3638.586,0.03,0.01,cancelled_restart,5min,2026-06-12T18:45:07.322060
568,148646,XAUEURm,BUY,3645.21756,3631.665,0.03,0.01,cancelled_restart,15min,2026-06-12T18:42:37.332159
567,148645,XAUEURm,BUY,3649.37164,3608.071,0.03,0.01,cancelled_restart,15min,2026-06-12T18:42:35.524556
566,148638,XAUEURm,BUY,3588.39868,3509.365,0.03,0.01,cancelled_restart,15min,2026-06-12T18:42:33.844439
565,148399,XAUEURm,BUY,3649.11264,3607.146,0.03,0.01,cancelled_restart,30min,2026-06-12T18:42:31.699874
564,148397,XAUEURm,BUY,3613.0838799999997,3509.365,0.03,0.01,cancelled_restart,30min,2026-06-12T18:42:29.979351
563,147994,XAUEURm,BUY,3581.05672,3489.022,0.03,0.01,cancelled_restart,2H,2026-06-12T18:42:27.692462
562,147987,XAUEURm,BUY,3602.5246,3453.697,0.03,0.01,cancelled_restart,2H,2026-06-12T18:42:25.756403
561,147468,XAUEURm,BUY,3637.2592,3598.066,0.03,0.01,cancelled_restart,4H,2026-06-12T18:42:23.652857
560,147466,XAUEURm,BUY,3643.78364,3585.995,0.03,0.01,cancelled_restart,4H,2026-06-12T18:42:22.009893
559,146234,XAUEURm,BUY,3648.29444,3644.711,0.03,0.01,cancelled_restart,5min,2026-06-12T18:27:29.301222
558,146073,XAUEURm,BUY,3649.37164,3608.071,0.03,0.01,cancelled_restart,15min,2026-06-12T18:27:25.671946
557,146068,XAUEURm,BUY,3588.39868,3509.365,0.03,0.01,cancelled_restart,15min,2026-06-12T18:27:22.543438
556,145934,XAUEURm,BUY,3649.11264,3607.146,0.03,0.01,cancelled_restart,30min,2026-06-12T18:27:18.733807
555,145932,XAUEURm,BUY,3613.0838799999997,3509.365,0.03,0.01,cancelled_restart,30min,2026-06-12T18:27:15.591843
554,145834,XAUEURm,SELL,3672.07252,3704.704,0.03,0.01,cancelled_restart,2H,2026-06-12T18:27:10.239191
553,145758,XAUEURm,BUY,3648.91384,3606.436,0.03,0.01,cancelled_restart,2H,2026-06-12T18:27:05.357534
552,145713,XAUEURm,BUY,3626.4838799999998,3592.551,0.03,0.01,cancelled_restart,2H,2026-06-12T18:27:01.233537
551,145706,XAUEURm,BUY,3605.46184,3489.022,0.03,0.01,cancelled_restart,2H,2026-06-12T18:26:56.667099
550,144141,XAUEURm,BUY,3639.51988,3631.255,0.03,0.01,cancelled_restart,15min,2026-06-12T16:04:18.699705
549,143473,XAUEURm,BUY,3644.50476,3632.115,0.03,0.01,cancelled_restart,5min,2026-06-12T15:49:17.994218
548,143472,XAUEURm,BUY,3647.82352,3640.972,0.03,0.01,cancelled_restart,5min,2026-06-12T15:49:16.479895
547,142328,XAUEURm,SELL,3642.2229199999997,3653.419,0.03,0.01,cancelled_restart,30min,2026-06-12T15:44:14.065871
546,139372,XAUEURm,SELL,3642.2229199999997,3653.419,0.03,0.01,cancelled_restart,30min,2026-06-12T15:44:12.500979
545,142207,XAUEURm,BUY,3626.5618,3609.901,0.03,0.01,cancelled_restart,30min,2026-06-12T15:39:22.161425
544,142204,XAUEURm,BUY,3613.0838799999997,3509.365,0.03,0.01,cancelled_restart,30min,2026-06-12T15:39:20.589321
543,141811,XAUEURm,BUY,3626.4838799999998,3592.551,0.03,0.01,cancelled_restart,2H,2026-06-12T15:39:18.851887
542,141803,XAUEURm,BUY,3605.46184,3489.022,0.03,0.01,cancelled_restart,2H,2026-06-12T15:39:17.318788
541,141438,XAUEURm,BUY,3624.85648,3598.066,0.03,0.01,cancelled_restart,4H,2026-06-12T15:39:15.700135
540,141435,XAUEURm,BUY,3624.9159600000003,3558.501,0.03,0.01,cancelled_restart,4H,2026-06-12T15:39:14.164729
539,141426,XAUEURm,BUY,3612.55392,3585.582,0.03,0.01,cancelled_restart,4H,2026-06-12T15:39:12.596357
538,142445,XAUEURm,BUY,3588.39868,3509.365,0.03,0.01,cancelled_restart,15min,2026-06-12T15:36:37.773837
537,138485,XAUEURm,BUY,3624.85648,3598.066,0.03,0.01,cancelled_restart,4H,2026-06-12T15:36:19.957446
536,138482,XAUEURm,BUY,3624.9159600000003,3558.501,0.03,0.01,cancelled_restart,4H,2026-06-12T15:36:18.210993
535,139249,XAUEURm,BUY,3613.0838799999997,3509.365,0.03,0.01,cancelled_restart,30min,2026-06-12T15:36:16.517003
534,138856,XAUEURm,BUY,3626.4838799999998,3592.551,0.03,0.01,cancelled_restart,2H,2026-06-12T15:36:14.057552
533,138848,XAUEURm,BUY,3605.46184,3489.022,0.03,0.01,cancelled_restart,2H,2026-06-12T15:36:12.304356
532,138845,XAUEURm,BUY,3602.5246,3453.697,0.03,0.01,cancelled_restart,2H,2026-06-12T15:36:10.656759
531,139490,XAUEURm,BUY,3588.39868,3509.365,0.03,0.01,cancelled_restart,15min,2026-06-12T15:36:09.009206
530,139489,XAUEURm,BUY,3611.44168,3576.4,0.03,0.01,cancelled_restart,15min,2026-06-12T15:36:07.183816
529,137141,XAUEURm,SELL,3652.0067200000003,3656.501,0.03,0.01,cancelled_restart,5min,2026-06-12T14:59:15.090667
528,136302,XAUEURm,SELL,3632.526,3634.759,0.03,0.01,cancelled_restart,5min,2026-06-12T14:39:15.133410
527,135111,XAUEURm,SELL,3617.37472,3656.134,0.03,0.01,cancelled_restart,15min,2026-06-12T14:19:17.715383
526,135104,XAUEURm,SELL,3615.5188399999997,3616.33,0.03,0.01,cancelled_restart,15min,2026-06-12T14:19:14.847531
525,134976,XAUEURm,SELL,3624.20964,3626.572,0.03,0.01,cancelled_restart,5min,2026-06-12T14:14:12.203563
524,134142,XAUEURm,SELL,3619.945,3621.849,0.03,0.01,cancelled_restart,5min,2026-06-12T13:59:17.496590
523,133457,XAUEURm,SELL,3625.98368,3627.732,0.03,0.01,cancelled_restart,5min,2026-06-12T13:44:16.832682
522,132896,XAUEURm,SELL,3622.09372,3625.069,0.03,0.01,cancelled_restart,15min,2026-06-12T13:34:20.720151
521,131841,XAUEURm,SELL,3623.73768,3630.19,0.03,0.01,cancelled_restart,15min,2026-06-12T13:29:11.452188
520,128552,XAUEURm,BUY,3624.2088799999997,3621.488,0.03,0.01,cancelled_restart,5min,2026-06-12T12:14:13.672027
519,127346,XAUEURm,BUY,3641.824,3639.484,0.03,0.01,cancelled_restart,5min,2026-06-12T11:49:14.465291
518,127190,XAUEURm,BUY,3639.51988,3631.255,0.03,0.01,cancelled_restart,15min,2026-06-12T11:49:12.462894
517,126436,XAUEURm,SELL,3642.2229199999997,3653.419,0.03,0.01,cancelled_restart,30min,2026-06-12T11:34:23.138191
516,125809,XAUEURm,SELL,3644.0321200000003,3649.001,0.03,0.01,cancelled_restart,5min,2026-06-12T11:29:18.059990
515,125707,XAUEURm,BUY,3639.99732,3616.845,0.03,0.01,cancelled_restart,5min,2026-06-12T11:29:15.743099
514,125705,XAUEURm,BUY,3640.06832,3633.35,0.03,0.01,cancelled_restart,5min,2026-06-12T11:29:14.685989
513,125090,XAUEURm,SELL,3630.81192,3631.641,0.03,0.01,cancelled_restart,5min,2026-06-12T11:14:20.023196
512,124649,XAUEURm,BUY,3588.39868,3509.365,0.03,0.01,cancelled_restart,15min,2026-06-12T11:14:18.034516
511,124514,XAUEURm,BUY,3613.0838799999997,3509.365,0.03,0.01,cancelled_restart,30min,2026-06-12T11:14:17.183520
510,124295,XAUEURm,BUY,3626.4838799999998,3592.551,0.03,0.01,cancelled_restart,2H,2026-06-12T11:14:16.321931
509,124293,XAUEURm,BUY,3607.25812,3580.837,0.03,0.01,cancelled_restart,2H,2026-06-12T11:14:15.475591
508,124288,XAUEURm,BUY,3605.46184,3489.022,0.03,0.01,cancelled_restart,2H,2026-06-12T11:14:14.620744
507,124285,XAUEURm,BUY,3617.6888400000003,3603.921,0.03,0.01,cancelled_restart,2H,2026-06-12T11:14:13.766291
506,124284,XAUEURm,BUY,3585.6340800000003,3532.344,0.03,0.01,cancelled_restart,2H,2026-06-12T11:14:12.909636
505,124073,XAUEURm,BUY,3624.85648,3598.066,0.03,0.01,cancelled_restart,4H,2026-06-12T11:14:12.062235
504,124071,XAUEURm,BUY,3624.9159600000003,3558.501,0.03,0.01,cancelled_restart,4H,2026-06-12T11:14:11.051514
503,122475,XAUEURm,BUY,3609.60872,3598.538,0.03,0.01,cancelled_restart,2H,2026-06-12T05:49:17.870094
502,122472,XAUEURm,BUY,3595.46132,3570.635,0.03,0.01,cancelled_restart,2H,2026-06-12T05:49:16.190462
501,121418,XAUEURm,BUY,3598.7176799999997,3579.534,0.03,0.01,cancelled_restart,5min,2026-06-12T05:49:14.578052
500,122591,XAUEURm,SELL,3619.2698,3632.21,0.03,0.01,cancelled_restart,2H,2026-06-12T05:39:11.943341
499,121841,XAUEURm,SELL,3617.37472,3656.134,0.03,0.01,cancelled_restart,15min,2026-06-12T05:19:16.013463
498,121834,XAUEURm,SELL,3615.5188399999997,3616.33,0.03,0.01,cancelled_restart,15min,2026-06-12T05:19:14.358850
497,119057,XAUEURm,SELL,3622.09372,3625.069,0.03,0.01,cancelled_restart,15min,2026-06-12T04:24:17.855588
496,118746,XAUEURm,SELL,3623.73768,3630.19,0.03,0.01,cancelled_restart,15min,2026-06-12T04:24:15.910852
495,117994,XAUEURm,BUY,3624.7582399999997,3623.45,0.03,0.01,cancelled_restart,5min,2026-06-12T03:49:12.188108
494,117342,XAUEURm,BUY,3588.39868,3509.365,0.03,0.01,cancelled_restart,15min,2026-06-12T03:40:52.656727
493,117207,XAUEURm,BUY,3613.0838799999997,3509.365,0.03,0.01,cancelled_restart,30min,2026-06-12T03:40:50.340773
492,116986,XAUEURm,BUY,3607.25812,3580.837,0.03,0.01,cancelled_restart,2H,2026-06-12T03:40:47.803079
491,116983,XAUEURm,BUY,3589.20944,3551.57,0.03,0.01,cancelled_restart,2H,2026-06-12T03:40:46.030546
490,116981,XAUEURm,BUY,3605.46184,3489.022,0.03,0.01,cancelled_restart,2H,2026-06-12T03:40:44.371983
489,116978,XAUEURm,BUY,3617.6888400000003,3603.921,0.03,0.01,cancelled_restart,2H,2026-06-12T03:40:42.664274
488,116977,XAUEURm,BUY,3585.6340800000003,3532.344,0.03,0.01,cancelled_restart,2H,2026-06-12T03:40:40.915110
487,116767,XAUEURm,BUY,3608.61796,3588.607,0.03,0.01,cancelled_restart,4H,2026-06-12T03:40:38.486977
486,116766,XAUEURm,BUY,3624.85648,3598.066,0.03,0.01,cancelled_restart,4H,2026-06-12T03:40:36.725091
485,116764,XAUEURm,BUY,3624.9159600000003,3558.501,0.03,0.01,cancelled_restart,4H,2026-06-12T03:40:34.980524
484,116444,XAUEURm,SELL,3634.08836,3642.121,0.03,0.01,cancelled_restart,5min,2026-06-12T03:15:10.608955
483,115584,XAUEURm,SELL,3625.50952,3630.19,0.03,0.01,cancelled_restart,15min,2026-06-12T03:00:10.342569
482,114170,XAUEURm,BUY,3588.39868,3509.365,0.03,0.01,cancelled_restart,15min,2026-06-12T02:55:16.070101
481,113186,XAUEURm,BUY,3611.44168,3576.4,0.03,0.01,cancelled_restart,15min,2026-06-12T02:55:14.469568
480,112738,XAUEURm,BUY,3588.39868,3509.365,0.03,0.01,cancelled_restart,30min,2026-06-12T02:55:12.886550
479,111955,XAUEURm,BUY,3608.61796,3588.607,0.03,0.01,cancelled_restart,2H,2026-06-12T02:55:11.222738
478,111070,XAUEURm,BUY,3605.53948,3586.093,0.03,0.01,cancelled_restart,5min,2026-06-12T02:55:09.571117
477,110533,XAUEURm,BUY,3612.4567199999997,3599.1,0.03,0.01,cancelled_restart,5min,2026-06-12T02:55:07.936280
476,89059,XAUEURm,BUY,3588.39868,3509.365,0.03,0.01,cancelled_restart,30min,2026-06-12T02:55:06.295806
475,109430,XAUEURm,BUY,3586.79956,3509.365,0.03,0.01,cancelled_restart,30min,2026-06-12T02:55:04.542149
474,106210,XAUEURm,BUY,3613.0838799999997,3509.365,0.03,0.01,cancelled_restart,30min,2026-06-12T02:50:10.537014
473,106541,XAUEURm,BUY,3588.39868,3509.365,0.03,0.01,cancelled_restart,15min,2026-06-12T02:50:08.882363
472,110181,XAUEURm,BUY,3588.39868,3509.365,0.03,0.01,cancelled_restart,15min,2026-06-12T02:50:07.191067
471,106540,XAUEURm,BUY,3611.44168,3576.4,0.03,0.01,cancelled_restart,15min,2026-06-12T02:50:05.510671
470,114235,XAUEURm,SELL,3622.09372,3625.069,0.03,0.01,cancelled_restart,15min,2026-06-12T02:32:30.810051
469,113961,XAUEURm,SELL,3626.2602,3630.19,0.03,0.01,cancelled_restart,5min,2026-06-12T02:26:01.419704
468,112301,XAUEURm,SELL,3637.82616,3660.402,0.03,0.01,cancelled_restart,2H,2026-06-12T02:25:32.261313
467,109080,XAUEURm,SELL,3631.29484,3639.68,0.03,0.01,cancelled_restart,2H,2026-06-12T02:12:24.425760
466,86920,XAUEURm,BUY,3586.79956,3509.365,0.03,0.01,cancelled_restart,30min,2026-06-12T02:10:18.593550
465,98345,XAUEURm,BUY,3613.0838799999997,3509.365,0.03,0.01,cancelled_restart,30min,2026-06-12T02:10:17.464879
464,96141,XAUEURm,BUY,3608.61796,3588.607,0.03,0.01,cancelled_restart,2H,2026-06-12T02:10:16.335000
463,102624,XAUEURm,BUY,3621.10548,3592.551,0.03,0.01,cancelled_restart,2H,2026-06-12T02:10:14.825703
462,102614,XAUEURm,BUY,3581.05672,3489.022,0.03,0.01,cancelled_restart,2H,2026-06-12T02:10:13.612570
461,102606,XAUEURm,BUY,3602.5246,3453.697,0.03,0.01,cancelled_restart,2H,2026-06-12T02:10:12.062598
460,93502,XAUEURm,BUY,3588.39868,3509.365,0.03,0.01,cancelled_restart,15min,2026-06-12T02:10:10.606376
459,98842,XAUEURm,BUY,3588.39868,3509.365,0.03,0.01,cancelled_restart,15min,2026-06-12T02:10:09.314672
458,92630,XAUEURm,BUY,3605.56936,3576.4,0.03,0.01,cancelled_restart,15min,2026-06-12T02:10:08.126826
457,89488,XAUEURm,BUY,3605.1496,3576.4,0.03,0.01,cancelled_restart,15min,2026-06-12T02:10:06.914477
456,106895,XAUEURm,BUY,3624.5469200000002,3606.305,0.03,0.01,cancelled_restart,5min,2026-06-12T02:08:32.428998
455,102250,XAUEURm,BUY,3617.6888400000003,3603.921,0.03,0.01,cancelled_restart,2H,2026-06-12T02:05:19.007977
454,99764,XAUEURm,SELL,3613.04056,3616.33,0.03,0.01,cancelled_restart,5min,2026-06-12T01:35:29.144012
453,99763,XAUEURm,SELL,3614.47412,3617.651,0.03,0.01,cancelled_restart,5min,2026-06-12T01:35:26.772443
452,98979,XAUEURm,SELL,3623.26536,3656.134,0.03,0.01,cancelled_restart,15min,2026-06-12T01:30:34.361467
451,96520,XAUEURm,SELL,3639.4524,3660.402,0.03,0.01,closed,2H,2026-06-12T01:25:55.880129
450,84693,XAUEURm,BUY,3613.0838799999997,3509.365,0.03,0.01,cancelled_restart,30min,2026-06-12T01:25:28.722771
449,85162,XAUEURm,BUY,3588.39868,3509.365,0.03,0.01,cancelled_restart,15min,2026-06-12T01:20:16.606118
448,85161,XAUEURm,BUY,3611.44168,3576.4,0.03,0.01,cancelled_restart,15min,2026-06-12T01:20:15.705845
447,81748,XAUEURm,BUY,3612.55392,3585.582,0.03,0.01,cancelled_restart,4H,2026-06-12T01:20:12.315680
446,82527,XAUEURm,BUY,3613.0838799999997,3509.365,0.03,0.01,cancelled_restart,30min,2026-06-12T01:20:11.360027
445,82711,XAUEURm,BUY,3588.39868,3509.365,0.03,0.01,cancelled_restart,15min,2026-06-12T01:20:09.564828
444,94145,XAUEURm,SELL,3622.60864,3625.069,0.03,0.01,closed,5min,2026-06-12T01:15:28.903198
443,93685,XAUEURm,SELL,3622.09372,3625.069,0.03,0.01,closed,15min,2026-06-12T01:15:25.289736
442,86599,XAUEURm,SELL,3637.82616,3660.402,0.03,0.01,closed,2H,2026-06-12T01:15:13.892306
441,93028,XAUEURm,BUY,3603.2943999999998,3562.564,0.03,0.01,cancelled_restart,5min,2026-06-12T01:10:23.009138
440,81265,XAUEURm,BUY,3646.32904,3643.696,0.03,0.01,closed,5min,2026-06-12T00:30:14.494819
439,80875,XAUEURm,SELL,3652.0067200000003,3656.501,0.03,0.01,closed,5min,2026-06-12T00:25:12.574923
438,80776,XAUEURm,BUY,3647.5861999999997,3606.305,0.03,0.01,closed,5min,2026-06-12T00:25:09.993900
437,80518,XAUEURm,SELL,3642.84556,3647.353,0.03,0.01,closed,5min,2026-06-12T00:15:20.604168
436,79326,XAUEURm,SELL,3672.07252,3704.704,0.03,0.01,closed,2H,2026-06-12T00:15:17.075867
435,79097,XAUEURm,SELL,3672.07252,3704.704,0.03,0.01,closed,4H,2026-06-12T00:15:14.690436
434,74548,XAUEURm,SELL,3672.07252,3704.704,0.03,0.01,closed,4H,2026-06-12T00:15:12.526676
433,74774,XAUEURm,SELL,3672.07252,3704.704,0.03,0.01,closed,2H,2026-06-12T00:15:09.999624
432,78980,XAUEURm,BUY,3624.9159600000003,3558.501,0.03,0.01,closed,4H,2026-06-12T00:00:31.011540
431,77868,XAUEURm,BUY,3642.02392,3640.198,0.03,0.01,closed,5min,2026-06-11T23:35:09.599356
430,77525,XAUEURm,BUY,3639.51988,3631.255,0.03,0.01,closed,15min,2026-06-11T23:35:08.341627
429,77521,XAUEURm,BUY,3588.39868,3509.365,0.03,0.01,closed,15min,2026-06-11T23:35:07.378853
428,76671,XAUEURm,BUY,3611.44168,3576.4,0.03,0.01,closed,15min,2026-06-11T23:25:19.455844
427,76436,XAUEURm,BUY,3586.79956,3509.365,0.03,0.01,closed,30min,2026-06-11T23:25:18.626894
426,76041,XAUEURm,BUY,3621.10548,3592.551,0.03,0.01,closed,2H,2026-06-11T23:25:17.802919
425,76031,XAUEURm,BUY,3581.05672,3489.022,0.03,0.01,closed,2H,2026-06-11T23:25:16.962277
424,76023,XAUEURm,BUY,3602.5246,3453.697,0.03,0.01,closed,2H,2026-06-11T23:25:16.086199
423,75664,XAUEURm,BUY,3637.2592,3598.066,0.03,0.01,closed,4H,2026-06-11T23:25:15.130556
422,75169,XAUEURm,BUY,3640.06832,3633.35,0.03,0.01,closed,5min,2026-06-11T23:25:14.127696
421,74434,XAUEURm,BUY,3624.85648,3598.066,0.03,0.01,closed,4H,2026-06-11T23:25:13.094371
420,74432,XAUEURm,BUY,3624.9159600000003,3558.501,0.03,0.01,closed,4H,2026-06-11T23:25:12.138513
419,74874,XAUEURm,BUY,3613.0838799999997,3509.365,0.03,0.01,closed,30min,2026-06-11T23:25:10.420911
418,74656,XAUEURm,BUY,3626.4838799999998,3592.551,0.03,0.01,closed,2H,2026-06-11T23:25:09.472168
417,74649,XAUEURm,BUY,3605.46184,3489.022,0.03,0.01,closed,2H,2026-06-11T23:25:08.450264
416,75013,XAUEURm,BUY,3639.51988,3631.255,0.03,0.01,closed,15min,2026-06-11T23:25:06.822196
415,75009,XAUEURm,BUY,3588.39868,3509.365,0.03,0.01,closed,15min,2026-06-11T23:25:05.921162
414,76937,XAUEURm,BUY,3603.2943999999998,3562.564,0.03,0.01,closed,5min,2026-06-11T23:24:56.519218
413,74313,XAUEURm,BUY,3642.88,3634.41,0.03,0.01,closed,5min,2026-06-11T23:15:06.318289
412,74233,XAUEURm,BUY,3635.58,3633.66,0.03,0.01,closed,5min,2026-06-11T20:50:08.868122
411,74226,XAUEURm,BUY,3635.39,3633.35,0.03,0.01,closed,5min,2026-06-11T20:45:08.492813
410,73806,XAUEURm,BUY,3680.98,3673.69,0.03,0.01,closed,15min,2026-06-09T19:15:04.997708
409,73804,XAUEURm,BUY,3689.25,3685.18,0.03,0.01,closed,5min,2026-06-09T19:12:00.601576
408,73738,XAUEURm,BUY,3746.94,3745.09,0.03,0.01,closed,15min,2026-06-09T12:30:09.575812
407,73736,XAUEURm,BUY,3745.76,3743.46,0.03,0.01,closed,30min,2026-06-09T12:30:07.990326
406,73487,XAUEURm,BUY,3746.59,3740.62,0.03,0.01,closed,30min,2026-06-09T04:35:05.879461
405,73374,XAUEURm,BUY,3743.84,3741.46,0.03,0.01,closed,5min,2026-06-08T23:10:11.210149
404,73329,XAUEURm,BUY,3749.36,3747.99,0.03,0.01,closed,5min,2026-06-08T21:55:10.986944
403,73296,XAUEURm,BUY,3747.25,3740.12,0.03,0.01,closed,30min,2026-06-08T21:25:11.012829
402,73276,XAUEURm,BUY,3747.25,3740.12,0.03,0.01,closed,30min,2026-06-08T20:31:22.664540
401,71365,XAUEURm,BUY,3747.25,3740.12,0.03,0.01,closed,30min,2026-06-08T19:10:14.942601
400,65866,XAUEURm,BUY,3675.91636,3453.697,0.03,0.01,closed,2H,2026-06-08T17:45:22.856355
399,62360,XAUEURm,BUY,3699.4507200000003,3585.582,0.03,0.01,closed,4H,2026-06-08T17:05:14.189046
398,60973,XAUEURm,SELL,3788.03704,3879.536,0.03,0.01,closed,2H,2026-06-08T16:35:20.648387
397,61395,XAUEURm,SELL,3764.03708,3768.829,0.03,0.01,closed,5min,2026-06-08T16:30:26.327614
396,60831,XAUEURm,BUY,3662.5229200000003,3453.697,0.03,0.01,closed,2H,2026-06-08T16:30:21.219965
395,60383,XAUEURm,SELL,3759.37464,3776.311,0.03,0.01,closed,15min,2026-06-08T16:15:21.114808
394,59507,XAUEURm,SELL,3758.45152,3838.445,0.03,0.01,closed,30min,2026-06-08T16:15:19.304975
393,59238,XAUEURm,SELL,3785.14492,3828.933,0.03,0.01,closed,2H,2026-06-08T16:15:17.748554
392,58848,XAUEURm,SELL,3781.0078,3823.187,0.03,0.01,closed,4H,2026-06-08T16:15:16.244352
391,55473,XAUEURm,SELL,3788.03704,3879.536,0.03,0.01,closed,4H,2026-06-08T16:10:20.092409
390,55462,XAUEURm,SELL,3772.13348,3823.187,0.03,0.01,closed,4H,2026-06-08T16:10:18.185187
389,55704,XAUEURm,SELL,3788.03704,3879.536,0.03,0.01,closed,2H,2026-06-08T16:10:16.645866
388,55689,XAUEURm,SELL,3782.8324,3828.933,0.03,0.01,closed,2H,2026-06-08T16:10:15.058479
387,55924,XAUEURm,SELL,3779.88548,3822.119,0.03,0.01,closed,15min,2026-06-08T16:10:13.541572
386,59872,XAUEURm,BUY,3751.10012,3736.145,0.03,0.01,closed,5min,2026-06-08T16:03:56.029977
385,59034,XAUEURm,BUY,3721.34296,3664.288,0.03,0.01,closed,2H,2026-06-08T16:03:51.577395
384,56471,XAUEURm,BUY,3763.99236,3745.101,0.03,0.01,closed,5min,2026-06-08T15:20:18.671578
383,56051,XAUEURm,BUY,3756.169,3749.239,0.03,0.01,closed,5min,2026-06-08T15:14:08.567366
382,55560,XAUEURm,BUY,3662.5229200000003,3453.697,0.03,0.01,closed,2H,2026-06-08T15:14:02.640545
381,55339,XAUEURm,BUY,3683.93864,3482.348,0.03,0.01,closed,4H,2026-06-08T15:13:58.041667
380,53138,XAUEURm,BUY,3730.52644,3672.547,0.03,0.01,closed,4H,2026-06-08T15:13:55.785681
379,50450,XAUEURm,BUY,3723.65548,3672.547,0.03,0.01,closed,4H,2026-06-08T15:13:53.864639
378,45585,XAUEURm,BUY,3683.93864,3482.348,0.03,0.01,closed,4H,2026-06-08T15:13:52.083471
377,50429,XAUEURm,BUY,3699.4507200000003,3585.582,0.03,0.01,closed,4H,2026-06-08T15:13:50.390719
376,50981,XAUEURm,BUY,3730.52644,3672.547,0.03,0.01,closed,2H,2026-06-08T15:13:48.744370
375,50980,XAUEURm,BUY,3721.34296,3664.288,0.03,0.01,closed,2H,2026-06-08T15:13:46.773948
374,50945,XAUEURm,BUY,3675.91636,3453.697,0.03,0.01,closed,2H,2026-06-08T15:13:45.037440
373,45805,XAUEURm,BUY,3662.5229200000003,3453.697,0.03,0.01,closed,2H,2026-06-08T15:13:43.374696
372,47477,XAUEURm,BUY,3720.78716,3671.285,0.03,0.01,closed,15min,2026-06-08T15:13:41.412105
371,55066,XAUEURm,SELL,3755.01036,3758.864,0.03,0.01,closed,5min,2026-06-08T14:57:25.337029
370,54552,XAUEURm,SELL,3759.37464,3776.311,0.03,0.01,closed,15min,2026-06-08T14:52:47.063212
369,54551,XAUEURm,SELL,3779.88548,3822.119,0.03,0.01,closed,15min,2026-06-08T14:52:45.466199
368,40962,XAUEURm,SELL,3788.03704,3879.536,0.03,0.01,closed,4H,2026-06-08T14:52:40.366611
367,45719,XAUEURm,SELL,3788.03704,3879.536,0.03,0.01,closed,4H,2026-06-08T14:52:38.809677
366,46785,XAUEURm,SELL,3781.0078,3823.187,0.03,0.01,closed,4H,2026-06-08T14:52:37.238323
365,40951,XAUEURm,SELL,3772.13348,3823.187,0.03,0.01,closed,4H,2026-06-08T14:52:35.741072
364,45708,XAUEURm,SELL,3772.13348,3823.187,0.03,0.01,closed,4H,2026-06-08T14:52:34.225088
363,46078,XAUEURm,SELL,3759.37464,3776.311,0.03,0.01,closed,30min,2026-06-08T14:52:32.720903
362,48773,XAUEURm,SELL,3759.37464,3776.311,0.03,0.01,closed,30min,2026-06-08T14:52:31.211167
361,52234,XAUEURm,SELL,3759.37464,3776.311,0.03,0.01,closed,30min,2026-06-08T14:52:29.265371
360,44387,XAUEURm,SELL,3758.45152,3838.445,0.03,0.01,closed,30min,2026-06-08T14:52:27.665934
359,51640,XAUEURm,SELL,3758.45152,3838.445,0.03,0.01,closed,30min,2026-06-08T14:52:26.156943
358,41601,XAUEURm,SELL,3788.03704,3879.536,0.03,0.01,closed,2H,2026-06-08T14:52:22.033925
357,45948,XAUEURm,SELL,3788.03704,3879.536,0.03,0.01,closed,2H,2026-06-08T14:52:20.572790
356,47176,XAUEURm,SELL,3785.14492,3828.933,0.03,0.01,closed,2H,2026-06-08T14:52:19.059713
355,45933,XAUEURm,SELL,3782.8324,3828.933,0.03,0.01,closed,2H,2026-06-08T14:52:17.414828
354,46163,XAUEURm,SELL,3759.37464,3776.311,0.03,0.01,closed,15min,2026-06-08T14:52:15.258552
353,48998,XAUEURm,SELL,3759.37464,3776.311,0.03,0.01,closed,15min,2026-06-08T14:52:13.765998
352,51749,XAUEURm,SELL,3759.37464,3776.311,0.03,0.01,closed,15min,2026-06-08T14:52:12.272855
351,46162,XAUEURm,SELL,3779.88548,3822.119,0.03,0.01,closed,15min,2026-06-08T14:52:10.766007
350,48997,XAUEURm,SELL,3779.88548,3822.119,0.03,0.01,closed,15min,2026-06-08T14:52:09.215138
349,51748,XAUEURm,SELL,3779.88548,3822.119,0.03,0.01,closed,15min,2026-06-08T14:52:07.676625
348,44433,XAUEURm,BUY,3720.78716,3671.285,0.03,0.01,closed,15min,2026-06-08T07:44:55.362477
347,43728,XAUEURm,BUY,3696.9508,3664.288,0.03,0.01,closed,2H,2026-06-08T07:44:49.408149
346,41196,XAUEURm,BUY,3710.29272,3675.264,0.03,0.01,closed,2H,2026-06-08T07:37:46.603924
345,41193,XAUEURm,BUY,3687.9465600000003,3644.856,0.03,0.01,closed,2H,2026-06-08T07:37:44.227487
344,41170,XAUEURm,BUY,3662.5229200000003,3453.697,0.03,0.01,closed,2H,2026-06-08T07:37:41.011470
343,41513,XAUEURm,BUY,3721.34296,3664.288,0.03,0.01,closed,2H,2026-06-08T07:37:38.241057
342,40599,XAUEURm,BUY,3683.7268,3628.078,0.03,0.01,closed,4H,2026-06-08T07:37:34.689156
341,40875,XAUEURm,BUY,3684.82652,3633.713,0.03,0.01,closed,4H,2026-06-08T07:37:34.005974
340,40593,XAUEURm,BUY,3683.93864,3482.348,0.03,0.01,closed,4H,2026-06-08T07:37:32.032635
339,36865,XAUEURm,SELL,3744.3026,3747.475,0.03,0.01,closed,5min,2026-06-08T07:02:18.767978
338,36888,XAUEURm,SELL,3743.438,3747.267,0.03,0.01,closed,5min,2026-06-08T07:02:16.850702
337,36604,XAUEURm,BUY,3738.3912800000003,3730.04,0.03,0.01,closed,5min,2026-06-08T07:02:16.096033
336,36321,XAUEURm,BUY,3736.56224,3729.908,0.03,0.01,closed,5min,2026-06-08T06:57:09.091132
335,30531,XAUEURm,SELL,3758.45152,3838.445,0.03,0.01,closed,30min,2026-06-08T06:17:08.524099
334,25440,XAUEURm,BUY,3723.65548,3672.547,0.03,0.01,closed,4H,2026-06-08T06:02:07.417694
333,25419,XAUEURm,BUY,3699.4507200000003,3585.582,0.03,0.01,closed,4H,2026-06-08T06:02:06.362204
332,27889,XAUEURm,BUY,3730.52644,3672.547,0.03,0.01,closed,2H,2026-06-08T06:02:06.125127
331,27849,XAUEURm,BUY,3675.91636,3453.697,0.03,0.01,closed,2H,2026-06-08T06:02:04.923980
330,27257,XAUEURm,BUY,3730.52644,3672.547,0.03,0.01,closed,4H,2026-06-08T06:02:03.895856
329,28777,XAUEURm,BUY,3720.78716,3671.285,0.03,0.01,closed,15min,2026-06-08T05:57:14.671968
328,25440,XAUEURm,BUY,3723.65548,3672.547,0.03,0.01,closed,4H,2026-06-08T05:57:10.787783
327,24064,XAUEURm,BUY,3721.34296,3664.288,0.03,0.01,closed,2H,2026-06-08T05:57:10.051433
326,25419,XAUEURm,BUY,3699.4507200000003,3585.582,0.03,0.01,closed,4H,2026-06-08T05:57:09.851311
325,24058,XAUEURm,BUY,3710.29272,3675.264,0.03,0.01,closed,2H,2026-06-08T05:57:09.116529
324,24064,XAUEURm,BUY,3721.34296,3664.288,0.03,0.01,closed,2H,2026-06-08T05:57:08.902494
323,24035,XAUEURm,BUY,3662.5229200000003,3453.697,0.03,0.01,closed,2H,2026-06-08T05:57:08.190532
322,24058,XAUEURm,BUY,3710.29272,3675.264,0.03,0.01,closed,2H,2026-06-08T05:57:08.019334
321,24563,XAUEURm,BUY,3720.78716,3671.285,0.03,0.01,closed,15min,2026-06-08T05:57:07.225869
320,24035,XAUEURm,BUY,3662.5229200000003,3453.697,0.03,0.01,closed,2H,2026-06-08T05:57:07.107856
319,24563,XAUEURm,BUY,3720.78716,3671.285,0.03,0.01,closed,15min,2026-06-08T05:57:06.123415
318,24529,XAUEURm,SELL,3758.45152,3838.445,0.03,0.01,closed,30min,2026-06-08T05:46:16.985266
317,24294,XAUEURm,SELL,3788.03704,3879.536,0.03,0.01,closed,2H,2026-06-08T05:46:14.966111
316,23469,XAUEURm,SELL,3737.28408,3739.15,0.03,0.01,closed,5min,2026-06-08T05:42:09.441440
315,18748,XAUEURm,BUY,3710.29272,3675.264,0.03,0.01,closed,2H,2026-06-08T04:42:12.696323
314,18734,XAUEURm,BUY,3662.5229200000003,3453.697,0.03,0.01,closed,2H,2026-06-08T04:42:11.174933
313,18514,XAUEURm,BUY,3683.93864,3482.348,0.03,0.01,closed,4H,2026-06-08T04:42:09.575282
312,19101,XAUEURm,SELL,3779.88548,3822.119,0.03,0.01,closed,15min,2026-06-08T04:16:13.501508
311,18878,XAUEURm,SELL,3788.03704,3879.536,0.03,0.01,closed,2H,2026-06-08T04:16:09.431454
310,18863,XAUEURm,SELL,3782.8324,3828.933,0.03,0.01,closed,2H,2026-06-08T04:16:06.776677
309,18648,XAUEURm,SELL,3788.03704,3879.536,0.03,0.01,closed,4H,2026-06-08T04:16:00.312608
308,18637,XAUEURm,SELL,3772.13348,3823.187,0.03,0.01,closed,4H,2026-06-08T04:15:57.577610
307,17636,XAUEURm,BUY,3730.52644,3672.547,0.03,0.01,closed,2H,2026-06-08T03:07:45.266275
306,17598,XAUEURm,BUY,3675.91636,3453.697,0.03,0.01,closed,2H,2026-06-08T03:07:42.897653
305,15193,XAUEURm,BUY,3721.34296,3664.288,0.03,0.01,closed,2H,2026-06-08T02:35:15.536533
304,15815,XAUEURm,SELL,3759.37464,3776.311,0.03,0.01,closed,15min,2026-06-08T02:30:09.391775
303,15814,XAUEURm,SELL,3779.88548,3822.119,0.03,0.01,closed,15min,2026-06-08T02:30:08.330110
302,15658,XAUEURm,SELL,3759.37464,3776.311,0.03,0.01,closed,30min,2026-06-08T02:30:06.511933
301,15395,XAUEURm,SELL,3782.8324,3828.933,0.03,0.01,closed,2H,2026-06-08T02:30:04.336289
300,13920,XAUEURm,SELL,3753.12484,3754.636,0.03,0.01,closed,5min,2026-06-08T02:15:08.561559
299,13294,XAUEURm,SELL,3788.03704,3879.536,0.03,0.01,closed,2H,2026-06-08T02:15:07.738839
298,13284,XAUEURm,SELL,3962.23884,4058.789,0.03,0.01,closed,2H,2026-06-08T02:15:07.569951
297,13280,XAUEURm,SELL,3925.76344,3982.996,0.03,0.01,closed,2H,2026-06-08T02:15:07.391545
296,13162,XAUEURm,BUY,3710.29272,3675.264,0.03,0.01,closed,2H,2026-06-08T02:00:16.502202
295,13148,XAUEURm,BUY,3662.5229200000003,3453.697,0.03,0.01,closed,2H,2026-06-08T02:00:16.281164
294,12175,XAUEURm,SELL,3759.37464,3776.311,0.03,0.01,closed,30min,2026-06-08T01:30:11.321243
293,11789,XAUEURm,SELL,3755.01036,3758.864,0.03,0.01,closed,5min,2026-06-08T01:15:13.622448
292,11788,XAUEURm,SELL,3750.5182800000002,3752.737,0.03,0.01,closed,5min,2026-06-08T01:15:13.074402
291,11612,XAUEURm,SELL,3759.37464,3776.311,0.03,0.01,closed,15min,2026-06-08T01:15:12.055198
290,11534,XAUEURm,SELL,3838.78632,3866.116,0.03,0.01,closed,5min,2026-06-08T01:10:12.886450
289,11533,XAUEURm,SELL,3786.08232,3790.27,0.03,0.01,closed,5min,2026-06-08T01:10:12.690274
288,11532,XAUEURm,SELL,3781.05992,3784.969,0.03,0.01,closed,5min,2026-06-08T01:10:12.502682
287,11531,XAUEURm,SELL,3774.9286399999996,3777.816,0.03,0.01,closed,5min,2026-06-08T01:10:12.311797
286,11530,XAUEURm,SELL,3772.47196,3774.283,0.03,0.01,closed,5min,2026-06-08T01:10:12.123130
285,11529,XAUEURm,SELL,3777.9142,3781.207,0.03,0.01,closed,5min,2026-06-08T01:10:11.922640
284,11528,XAUEURm,SELL,3793.96164,3797.087,0.03,0.01,closed,5min,2026-06-08T01:10:11.739998
283,11525,XAUEURm,SELL,3813.0406,3825.642,0.03,0.01,closed,5min,2026-06-08T01:10:11.542839
282,11468,XAUEURm,BUY,3756.169,3749.239,0.03,0.01,closed,5min,2026-06-08T01:10:10.932231
281,11397,XAUEURm,SELL,3764.03708,3768.829,0.03,0.01,closed,5min,2026-06-08T01:08:30.165324
280,11266,XAUEURm,SELL,3776.16768,3782.361,0.03,0.01,closed,15min,2026-06-08T01:08:29.229981
279,11258,XAUEURm,SELL,3780.5464399999996,3784.845,0.03,0.01,closed,15min,2026-06-08T01:08:28.947438
278,11221,XAUEURm,SELL,3898.0218,3942.357,0.03,0.01,closed,15min,2026-06-08T01:08:28.517619
277,11219,XAUEURm,SELL,3779.88548,3822.119,0.03,0.01,closed,15min,2026-06-08T01:08:28.319691
276,11217,XAUEURm,SELL,3781.19868,3792.124,0.03,0.01,closed,15min,2026-06-08T01:08:28.123420
275,11216,XAUEURm,SELL,3821.01172,3851.973,0.03,0.01,closed,15min,2026-06-08T01:08:27.933386
274,11155,XAUEURm,BUY,3758.28908,3671.285,0.03,0.01,closed,15min,2026-06-08T01:08:27.278507
273,11129,XAUEURm,SELL,3777.92044,3792.124,0.03,0.01,closed,30min,2026-06-08T01:08:26.949903
272,11087,XAUEURm,SELL,3822.49724,3841.094,0.03,0.01,closed,30min,2026-06-08T01:08:26.475341
271,11086,XAUEURm,SELL,3795.16032,3798.823,0.03,0.01,closed,30min,2026-06-08T01:08:26.297041
270,11085,XAUEURm,SELL,3798.0944,3799.262,0.03,0.01,closed,30min,2026-06-08T01:08:26.110780
269,11083,XAUEURm,SELL,3812.5998400000003,3822.175,0.03,0.01,closed,30min,2026-06-08T01:08:25.912888
268,11082,XAUEURm,SELL,3814.39372,3828.933,0.03,0.01,closed,30min,2026-06-08T01:08:25.720263
267,11081,XAUEURm,SELL,3798.6463999999996,3804.497,0.03,0.01,closed,30min,2026-06-08T01:08:25.530063
266,10957,XAUEURm,SELL,3798.53112,3830.695,0.03,0.01,closed,2H,2026-06-08T01:08:24.809501
265,9233,XAUEURm,SELL,3772.47196,3774.283,0.03,0.01,closed,5min,2026-06-08T00:45:10.444331
264,9115,XAUEURm,SELL,3776.16768,3782.361,0.03,0.01,closed,15min,2026-06-08T00:45:09.832717
263,9108,XAUEURm,SELL,3780.5464399999996,3784.845,0.03,0.01,closed,15min,2026-06-08T00:45:09.648034
262,9071,XAUEURm,SELL,3898.0218,3942.357,0.03,0.01,closed,15min,2026-06-08T00:45:09.370313
261,9068,XAUEURm,SELL,3781.19868,3792.124,0.03,0.01,closed,15min,2026-06-08T00:45:09.188814
260,9067,XAUEURm,SELL,3821.01172,3851.973,0.03,0.01,closed,15min,2026-06-08T00:45:09.020165
259,9006,XAUEURm,BUY,3758.28908,3671.285,0.03,0.01,closed,15min,2026-06-08T00:45:08.686717
258,8937,XAUEURm,BUY,3763.99236,3745.101,0.03,0.01,closed,5min,2026-06-08T00:35:07.990992
239,6700,XAUEURm,SELL,3832.16872,3839.484,0.03,0.01,closed,15min,2026-06-08T00:31:36.263457
238,6691,XAUEURm,SELL,3782.8471999999997,3788.814,0.03,0.01,closed,15min,2026-06-08T00:31:36.073532
237,6649,XAUEURm,SELL,3898.0218,3942.357,0.03,0.01,closed,15min,2026-06-08T00:31:35.825387
236,6647,XAUEURm,SELL,3779.88548,3822.119,0.03,0.01,closed,15min,2026-06-08T00:31:35.622047
235,6644,XAUEURm,SELL,3821.01172,3851.973,0.03,0.01,closed,15min,2026-06-08T00:31:35.452932
234,6573,XAUEURm,BUY,3763.22464,3729.574,0.03,0.01,closed,15min,2026-06-08T00:31:35.100339
233,6569,XAUEURm,BUY,3720.78716,3671.285,0.03,0.01,closed,15min,2026-06-08T00:31:34.930910
232,6539,XAUEURm,SELL,3781.19868,3792.124,0.03,0.01,closed,30min,2026-06-08T00:31:34.703980
231,6492,XAUEURm,SELL,3822.49724,3841.094,0.03,0.01,closed,30min,2026-06-08T00:31:34.430568
230,6491,XAUEURm,SELL,3793.47496,3799.262,0.03,0.01,closed,30min,2026-06-08T00:31:34.259674
229,6489,XAUEURm,SELL,3813.5471199999997,3817.403,0.03,0.01,closed,30min,2026-06-08T00:31:34.087698
228,6488,XAUEURm,SELL,3812.5998400000003,3822.175,0.03,0.01,closed,30min,2026-06-08T00:31:33.917236
227,6487,XAUEURm,SELL,3814.39372,3828.933,0.03,0.01,closed,30min,2026-06-08T00:31:33.741797
226,6486,XAUEURm,SELL,3797.9687999999996,3804.497,0.03,0.01,closed,30min,2026-06-08T00:31:33.562566
225,6324,XAUEURm,SELL,3814.39372,3828.933,0.03,0.01,closed,2H,2026-06-08T00:31:33.168613
224,3095,XAUEURm,BUY,3763.99236,3745.101,0.03,0.01,closed,5min,2026-06-08T00:31:32.344770
223,3158,XAUEURm,SELL,3831.7338400000003,3838.88,0.03,0.01,closed,5min,2026-06-08T00:31:31.984893
222,3407,XAUEURm,BUY,3723.65548,3672.547,0.03,0.01,closed,4H,2026-06-08T00:31:31.582479
221,3386,XAUEURm,BUY,3699.4507200000003,3585.582,0.03,0.01,closed,4H,2026-06-08T00:31:31.382782
220,3720,XAUEURm,SELL,3862.22864,3899.066,0.03,0.01,closed,4H,2026-06-08T00:31:30.777073
219,2138,XAUEURm,SELL,3898.28212,3946.084,0.03,0.01,closed,4H,2026-06-08T00:31:30.580263
218,1159,XAUEURm,SELL,3881.6112,3946.084,0.03,0.01,closed,4H,2026-06-08T00:31:30.410377
217,1158,XAUEURm,SELL,3788.03704,3879.536,0.03,0.01,closed,4H,2026-06-08T00:31:30.241882
216,1148,XAUEURm,SELL,3924.6666800000003,3982.996,0.03,0.01,closed,4H,2026-06-08T00:31:29.736692
215,3683,XAUEURm,SELL,3812.45348,3823.187,0.03,0.01,closed,4H,2026-06-08T00:31:29.566156
214,2121,XAUEURm,SELL,3781.0078,3823.187,0.03,0.01,closed,4H,2026-06-08T00:31:29.393359
213,4649,XAUEURm,SELL,3782.8471999999997,3788.814,0.03,0.01,closed,30min,2026-06-08T00:31:28.135568
212,4608,XAUEURm,SELL,3797.16256,3823.447,0.03,0.01,closed,30min,2026-06-08T00:31:27.867541
211,4606,XAUEURm,SELL,3814.9824000000003,3838.445,0.03,0.01,closed,30min,2026-06-08T00:31:27.694453
210,2779,XAUEURm,SELL,3781.19868,3792.124,0.03,0.01,closed,30min,2026-06-08T00:31:27.523175
209,1524,XAUEURm,SELL,3777.92044,3792.124,0.03,0.01,closed,30min,2026-06-08T00:31:27.351425
208,4989,XAUEURm,SELL,3777.92044,3792.124,0.03,0.01,closed,30min,2026-06-08T00:31:27.182639
207,4552,XAUEURm,SELL,3962.23884,4058.789,0.03,0.01,closed,30min,2026-06-08T00:31:26.875809
206,1482,XAUEURm,SELL,3822.49724,3841.094,0.03,0.01,closed,30min,2026-06-08T00:31:26.591852
205,1481,XAUEURm,SELL,3795.16032,3798.823,0.03,0.01,closed,30min,2026-06-08T00:31:26.424203
204,4982,XAUEURm,SELL,3795.16032,3798.823,0.03,0.01,closed,30min,2026-06-08T00:31:26.253598
203,2701,XAUEURm,SELL,3793.47496,3799.262,0.03,0.01,closed,30min,2026-06-08T00:31:26.084348
202,1480,XAUEURm,SELL,3798.0944,3799.262,0.03,0.01,closed,30min,2026-06-08T00:31:25.916431
201,4981,XAUEURm,SELL,3798.0944,3799.262,0.03,0.01,closed,30min,2026-06-08T00:31:25.748036
200,1479,XAUEURm,SELL,3813.5471199999997,3817.403,0.03,0.01,closed,30min,2026-06-08T00:31:25.575029
199,2698,XAUEURm,SELL,3811.7248400000003,3822.175,0.03,0.01,closed,30min,2026-06-08T00:31:25.403285
198,1478,XAUEURm,SELL,3812.5998400000003,3822.175,0.03,0.01,closed,30min,2026-06-08T00:31:25.220029
197,4493,XAUEURm,SELL,3818.5898,3828.933,0.03,0.01,closed,30min,2026-06-08T00:31:25.046489
196,2696,XAUEURm,SELL,3818.692,3828.933,0.03,0.01,closed,30min,2026-06-08T00:31:24.873512
195,1477,XAUEURm,SELL,3814.39372,3828.933,0.03,0.01,closed,30min,2026-06-08T00:31:24.702751
194,2694,XAUEURm,SELL,3797.9687999999996,3804.497,0.03,0.01,closed,30min,2026-06-08T00:31:24.529076
193,1476,XAUEURm,SELL,3798.6463999999996,3804.497,0.03,0.01,closed,30min,2026-06-08T00:31:24.359759
192,4980,XAUEURm,SELL,3798.6463999999996,3804.497,0.03,0.01,closed,30min,2026-06-08T00:31:24.192450
191,3940,XAUEURm,BUY,3730.52644,3672.547,0.03,0.01,closed,2H,2026-06-08T00:31:23.882555
190,2307,XAUEURm,BUY,3721.34296,3664.288,0.03,0.01,closed,2H,2026-06-08T00:31:23.707572
189,3902,XAUEURm,BUY,3675.91636,3453.697,0.03,0.01,closed,2H,2026-06-08T00:31:23.479511
188,4284,XAUEURm,SELL,3862.51032,3899.066,0.03,0.01,closed,2H,2026-06-08T00:31:22.971442
187,2554,XAUEURm,SELL,3862.22864,3899.066,0.03,0.01,closed,2H,2026-06-08T00:31:22.805191
186,4282,XAUEURm,SELL,3823.20628,3839.761,0.03,0.01,closed,2H,2026-06-08T00:31:22.631117
185,2539,XAUEURm,SELL,3986.5606000000002,4068.693,0.03,0.01,closed,2H,2026-06-08T00:31:22.412118
184,1390,XAUEURm,SELL,3788.03704,3879.536,0.03,0.01,closed,2H,2026-06-08T00:31:22.241947
183,1380,XAUEURm,SELL,3962.23884,4058.789,0.03,0.01,closed,2H,2026-06-08T00:31:22.037153
182,2512,XAUEURm,SELL,3924.6666800000003,3982.996,0.03,0.01,closed,2H,2026-06-08T00:31:21.851941
181,1376,XAUEURm,SELL,3925.76344,3982.996,0.03,0.01,closed,2H,2026-06-08T00:31:21.651922
180,4224,XAUEURm,SELL,3811.7248400000003,3822.175,0.03,0.01,closed,2H,2026-06-08T00:31:21.484277
179,4223,XAUEURm,SELL,3812.04424,3828.933,0.03,0.01,closed,2H,2026-06-08T00:31:21.314984
178,2510,XAUEURm,SELL,3785.14492,3828.933,0.03,0.01,closed,2H,2026-06-08T00:31:21.146074
177,2821,XAUEURm,BUY,3763.22464,3729.574,0.03,0.01,closed,15min,2026-06-08T00:31:20.131916
176,2816,XAUEURm,BUY,3720.78716,3671.285,0.03,0.01,closed,15min,2026-06-08T00:31:19.951986
175,4997,XAUEURm,BUY,3758.28908,3671.285,0.03,0.01,closed,15min,2026-06-08T00:31:19.778974
174,5038,XAUEURm,SELL,3780.5464399999996,3784.845,0.03,0.01,closed,15min,2026-06-08T00:31:19.574527
173,3020,XAUEURm,SELL,3782.8471999999997,3788.814,0.03,0.01,closed,15min,2026-06-08T00:31:19.405874
172,3019,XAUEURm,SELL,3828.18156,3836.511,0.03,0.01,closed,15min,2026-06-08T00:31:19.234610
171,2946,XAUEURm,SELL,3805.3226,3812.989,0.03,0.01,closed,15min,2026-06-08T00:31:18.785164
170,4828,XAUEURm,SELL,3805.8024,3816.245,0.03,0.01,closed,15min,2026-06-08T00:31:18.591824
169,4826,XAUEURm,SELL,3808.28908,3829.027,0.03,0.01,closed,15min,2026-06-08T00:31:18.417860
168,4824,XAUEURm,SELL,3815.20328,3822.119,0.03,0.01,closed,15min,2026-06-08T00:31:18.250641
167,5022,XAUEURm,SELL,3781.19868,3792.124,0.03,0.01,closed,15min,2026-06-08T00:31:18.078185
158,1661,XAUEURm,SELL,3776.16768,3782.361,0.03,0.01,closed,15min,2026-06-08T00:23:02.589224
157,1653,XAUEURm,SELL,3780.5464399999996,3784.845,0.03,0.01,closed,15min,2026-06-08T00:23:02.396791
156,1616,XAUEURm,SELL,3898.0218,3942.357,0.03,0.01,closed,15min,2026-06-08T00:23:02.094503
154,1614,XAUEURm,SELL,3779.88548,3822.119,0.03,0.01,closed,15min,2026-06-08T00:23:01.910361
152,1612,XAUEURm,SELL,3781.19868,3792.124,0.03,0.01,closed,15min,2026-06-08T00:23:01.721912
151,1611,XAUEURm,SELL,3821.01172,3851.973,0.03,0.01,closed,15min,2026-06-08T00:23:01.552401
137,1550,XAUEURm,BUY,3758.28908,3671.285,0.03,0.01,closed,15min,2026-06-08T00:23:00.961963
113,1258,XAUEURm,BUY,3765.33936,3751.002,0.03,0.01,closed,2H,2026-06-08T00:22:59.272234
112,1243,XAUEURm,BUY,3662.5229200000003,3453.697,0.03,0.01,closed,2H,2026-06-08T00:22:59.054192
105,1024,XAUEURm,BUY,3683.93864,3482.348,0.03,0.01,closed,4H,2026-06-08T00:22:58.017018
104,826,XAUEURm,BUY,3756.169,3749.239,0.03,0.01,closed,5min,2026-06-08T00:22:57.427124
100,892,XAUEURm,SELL,3838.78632,3866.116,0.03,0.01,closed,5min,2026-06-08T00:22:57.185043
99,891,XAUEURm,SELL,3786.08232,3790.27,0.03,0.01,closed,5min,2026-06-08T00:22:57.013531
98,890,XAUEURm,SELL,3781.05992,3784.969,0.03,0.01,closed,5min,2026-06-08T00:22:56.840504
95,887,XAUEURm,SELL,3777.9142,3781.207,0.03,0.01,closed,5min,2026-06-08T00:22:56.640303
94,886,XAUEURm,SELL,3793.96164,3797.087,0.03,0.01,closed,5min,2026-06-08T00:22:56.471401
93,884,XAUEURm,SELL,3814.9471200000003,3817.445,0.03,0.01,closed,5min,2026-06-08T00:22:56.295493
92,883,XAUEURm,SELL,3813.0406,3825.642,0.03,0.01,closed,5min,2026-06-08T00:22:56.121361
90,825,XAUEURm,BUY,3763.99236,3745.101,0.03,0.01,closed,5min,2026-06-07T23:52:07.658081
71,757,XAUEURm,SELL,3776.16768,3782.361,0.03,0.01,closed,15min,2026-06-07T23:52:07.015404
70,749,XAUEURm,SELL,3780.5464399999996,3784.845,0.03,0.01,closed,15min,2026-06-07T23:52:06.811001
69,709,XAUEURm,SELL,3898.0218,3942.357,0.03,0.01,closed,15min,2026-06-07T23:52:06.461772
67,707,XAUEURm,SELL,3779.88548,3822.119,0.03,0.01,closed,15min,2026-06-07T23:52:06.274809
65,705,XAUEURm,SELL,3781.19868,3792.124,0.03,0.01,closed,15min,2026-06-07T23:52:06.084835
64,704,XAUEURm,SELL,3821.01172,3851.973,0.03,0.01,closed,15min,2026-06-07T23:52:05.906434
52,642,XAUEURm,BUY,3758.28908,3671.285,0.03,0.01,closed,15min,2026-06-07T23:52:05.380036
49,616,XAUEURm,SELL,3777.92044,3792.124,0.03,0.01,closed,30min,2026-06-07T23:52:05.097666
48,574,XAUEURm,SELL,3822.49724,3841.094,0.03,0.01,closed,30min,2026-06-07T23:52:04.766878
47,573,XAUEURm,SELL,3795.16032,3798.823,0.03,0.01,closed,30min,2026-06-07T23:52:04.595899
46,572,XAUEURm,SELL,3798.0944,3799.262,0.03,0.01,closed,30min,2026-06-07T23:52:04.422379
45,571,XAUEURm,SELL,3813.5471199999997,3817.403,0.03,0.01,closed,30min,2026-06-07T23:52:04.249808
44,570,XAUEURm,SELL,3812.5998400000003,3822.175,0.03,0.01,closed,30min,2026-06-07T23:52:04.075537
43,569,XAUEURm,SELL,3814.39372,3828.933,0.03,0.01,closed,30min,2026-06-07T23:52:03.903937
42,568,XAUEURm,SELL,3798.6463999999996,3804.497,0.03,0.01,closed,30min,2026-06-07T23:52:03.727948
30,482,XAUEURm,SELL,3788.03704,3879.536,0.03,0.01,closed,2H,2026-06-07T23:52:03.071898
29,472,XAUEURm,SELL,3962.23884,4058.789,0.03,0.01,closed,2H,2026-06-07T23:52:02.855203
28,468,XAUEURm,SELL,3925.76344,3982.996,0.03,0.01,closed,2H,2026-06-07T23:52:02.664840
27,467,XAUEURm,SELL,3782.8324,3828.933,0.03,0.01,closed,2H,2026-06-07T23:52:02.487197
15,351,XAUEURm,BUY,3765.33936,3751.002,0.03,0.01,closed,2H,2026-06-07T23:52:01.557537
14,336,XAUEURm,BUY,3662.5229200000003,3453.697,0.03,0.01,closed,2H,2026-06-07T23:52:01.320656
13,251,XAUEURm,SELL,3881.6112,3946.084,0.03,0.01,closed,4H,2026-06-07T23:52:00.779976
12,250,XAUEURm,SELL,3788.03704,3879.536,0.03,0.01,closed,4H,2026-06-07T23:52:00.610235
11,240,XAUEURm,SELL,3924.6666800000003,3982.996,0.03,0.01,closed,4H,2026-06-07T23:52:00.394014
10,239,XAUEURm,SELL,3772.13348,3823.187,0.03,0.01,closed,4H,2026-06-07T23:52:00.214656
1,116,XAUEURm,BUY,3683.93864,3482.348,0.03,0.01,closed,4H,2026-06-07T23:51:59.066456
